<bdd>
    <bien>
        <ID>1</ID>
        <img>https://i.pinimg.com/originals/a6/05/66/a605662f34c69508a9231bba7a178461.jpg</img>
        <img1></img1>
        <img2></img2>
        <type>Appartement</type>
        <etat_actuel>à vendre</etat_actuel>
        <prix>210000</prix>
        <nombre_piece>1 pièce</nombre_piece>
        <localisation>Brest</localisation>
        <surface>30,10 m²</surface>
        <description>BREST hyper centre, dans un immeuble de grand standing en cours de rénovation, à proximité des commerces, nous vous proposons un appartement de type 2 comprenant: Entrée, cuisine, salon séjour, dégagement, salle de bain et une chambre. Ascenseur, grande terrasse et une place de parking en sous-sol. A deux pas de la gare et écoles. Copropriété de 19 lots Charges annuelles : 500 euros. 210000 euros Honoraires à la charge du vendeur. </description>
    </bien>
     <bien>
        <ID>2</ID>
        <img>https://www.mysweetimmo.com/uy7i_73zhnb/uploads/2021/04/AdobeStock_223553691.jpeg</img>
        <img1></img1>
        <img2></img2>
        <type>maison</type>
        <etat_actuel>à vendre</etat_actuel>
        <prix>562000</prix>
        <nombre_piece>5 pièces</nombre_piece>
        <localisation>Brest</localisation>
        <surface>101 m2</surface>
        <description>A 1 minute à pied de la mer ! nous vous propose cette charmante maison comprenant au RDC : une entrée, deux pièces à vivre, une cuisine aménagée et équipée, une chambre . A l'étage : trois chambres dont deux en enfilade et une salle d'eau. Le grand plus: un Terrain de 1321 m2 divisible et constructible. En complément : Un T2 de 36 m2 équipé d'une cuisine et d'une salle d'eau , idéal pour une location de vacances Cette maison est un véritable havre de paix pour ceux qui recherchent un espace de vie confortable, entouré par la mer et la nature, tout en restant proche des commodités de la vie quotidienne. Ne manquez pas cette opportunité unique ! 562000 euros (540000 euros Hors Honoraires) - Honoraires : 4.07 % TTC à la charge de l'acquéreur inclus. </description>  
    </bien>
    <bien>
        <ID>3</ID>
        <img>http://www.john-taylor.fr/vente-appartement-paris-8eme-ori100-V1553PA-67141109.jpg</img>
        <img1></img1>
        <img2></img2>
        <type>Appartement</type>
        <etat_actuel>à vendre</etat_actuel>
        <prix>185000</prix>
        <nombre_piece>1 pièce</nombre_piece>
        <localisation>Quizac</localisation>
        <surface>30 m2</surface>
        <description> HYPER CENTRE ET AU CALME DANS UN IMMEUBLE AVEC ASCENSEUR ! Venez découvrir cet appartement T4 de 69 m2 en bon état. Il est composé comme suit : Un salon/séjour avec balcon, deux chambres, une cuisine aménagée équipée, un dressing et une salle d'eau avec loggia. Il se situe au 2e étage d'un immeuble en dalle béton. Cet appartement est équipé de radiateurs fonctionnant au gaz, le chauffage est individuel. Une cave lui est associée. Cet appartement est équipé de fenêtres en pvc double vitrage. L'immeuble dispose aussi d'un local commun, idéal pour les vélos. Le ravalement est récent. Voir la visite virtuelle. A visiter sans tarder ! Copropriété de 10 lots Charges annuelles : 1128 euros. 185000 euros (175000 euros Hors Honoraires) - Honoraires : 5.71 % TTC à la charge de l'acquéreur inclus. </description>
    </bien>
    <bien>
        <ID>4</ID>
        <img>https://www.immoba.fr/site/images/normal/Picture33259984jpg_5da9c506db6db.jpg</img>
        <img1></img1>
        <img2></img2>
        <type>Appartement</type>
        <etat_actuel>à vendre</etat_actuel>
        <prix>181900</prix>
        <nombre_piece>5 pièces</nombre_piece>
        <localisation>Brest</localisation>
        <surface>95,42 m2</surface>
        <description>Brest à deux pas des capucins et au pied du TRAM, appartement T4 comprenant: une entrée, une cuisine neuve aménagée et équipée, loggia, salon séjour, salle de bains, dégagement avec placard et trois chambres dont une avec dressing. A proximité immédiate des écoles et commerces. Possibilité d'effectuer une visite virtuelle. Copropriété de 99 lots Charges annuelles : 2808 euros. 181900 euros (170000 euros Hors Honoraires) - Honoraires : 7 % TTC à la charge de l'acquéreur inclus.</description>
    </bien>
    <bien>
        <ID>5</ID>
        <img>https://d2ysowi61wn2ij.cloudfront.net/images/71222/cache/800x600_7225ad4575cfb2d7f3b9fa06bfa439db.jpg</img>
        <img1></img1>
        <img2></img2>
        <type>Maison</type>
        <etat_actuel>à vendre</etat_actuel>
        <prix>263751</prix>
        <nombre_piece>4 chambres</nombre_piece>
        <localisation>Brest</localisation>
        <surface>132 m²</surface>
        <description>Exclusivité ORPI, BREST, Quartier Saint Jacques, dans une rue calme, à proximité des transports et commerces, maison T5 composée au rez-de-chaussée, d'une pièce de vie traversante semi ouverte sur une cuisine aménagée et équipée, une buanderie donnant accès à une cave béton. A l'étage un palier dessert 3 belles chambres et une grande salle de bains avec douche et baignoire. L'escalier vous mènera ensuite vers des combles aménagés. Un grand jardin clos avec belle piscine hors sol et un garage complètent la prestation. Les +: Isolation / pompe à chaleur Eligible assurance revente Mickaël BUFFON (EI) Agent Commercial - Numéro RSAC : 893 482 828 - BREST. 263751 euros (250001 euros Hors Honoraires) - Honoraires : 5.5 % TTC à la charge de l'acquéreur inclus. </description>
    </bien>
    <bien>
        <ID>6</ID>
        <img>https://static.pap.fr/photos/D12/D12A1409.jpg</img>
        <img1></img1>
        <img2></img2>
        <type>Appartement</type>
        <etat_actuel>à vendre</etat_actuel>
        <prix>195810</prix>
        <nombre_piece>2 chambres</nombre_piece>
        <localisation>Quizac</localisation>
        <surface>Surface 67 m²</surface>
        <description>Dans le quartier de Quizac, Situé au pied de la future ligne de tram, nous vous présentons cet appartement T5 orienté sud-ouest. Il se compose de : Entrée. Salon/séjour. Cuisine aménagée et équipée. Une partie nuit avec une chambre, grand placard et point d'eau où l'installation d'une douche est possible. Une deuxième partie nuit avec deux chambres dont une avec placard et une salle de bains. Cave. Garage. Immeuble sécurisé. A Proximité : écoles et nombreux commerces. L'appartement n'a aucun vis-à-vis et possède une vue dégagée. donnant beaucoup de luminosité. Aucun travaux de copropriété n'est à prévoir. La toiture et le ravalement sont récents. Copropriété de 83 lots Charges annuelles : 2095 euros. 195810 euros (183000 euros Hors Honoraires) - Honoraires : 7 % TTC à la charge de l'acquéreur inclus.</description>
    </bien>
    <bien>
        <ID>7</ID>
        <img>https://www.saint-aygulf-immobilier.com/images/biens/1/8cfa1ab83e52a1316be7023f0c2df99e/original/photo_47584cc8f7bc941a912fb9bfd81faf47.jpg</img>
        <img1></img1>
        <img2></img2>
        <type>Maison</type>
        <etat_actuel>à vendre</etat_actuel>
        <prix>243800</prix>
        <nombre_piece>6 pièces</nombre_piece>
        <localisation>Quizac</localisation>
        <surface>Surface 96 m²</surface>
        <description>LOPERHET, Sur un terrain de prêt de 1000m2, maison T7 néo-bretonne non mitoyenne en rez de jardin . Elle se compose au rez de chaussée d'une entrée, un salon séjour traversant, une cuisine donnant accès à une terrasse exposée Sud, une chambre, une salle d'eau. A l'étage, un espace ouvert dessert 4 chambres supplémentaires et une salle de bains. Sous sol complet ! Quelques travaux de rafraichissement à prévoir. Eligible assurance revente. Mickaël BUFFON (EI) Agent Commercial - Numéro RSAC : 893 482 828 - BREST. 243800 euros (230000 euros Hors Honoraires) - Honoraires : 6 % TTC à la charge de l'acquéreur inclus.</description>
    </bien>
    <bien>
        <ID>8</ID>
        <img>https://i.pinimg.com/originals/2b/21/11/2b2111188903842df7a245cf68c3867f.jpg</img>
        <img1></img1>
        <img2></img2>
        <type>Appartement</type>
        <etat_actuel>à vendre</etat_actuel>
        <prix>178900</prix>
        <nombre_piece>1 pièce</nombre_piece>
        <localisation>Gouesnou</localisation>
        <surface>Surface 17 m²</surface>
        <description>Brest Appartement T3 Votre agence vous propose dans une petite copropriété, proche des Capucins et du Centre-Ville, un appartement T3 composé d'une entrée, une cuisine aménagée équipée ouverte sur séjour exposé sud, 2 chambres avec placard et 1 salle d'eau avec douche à l'italienne. Jardin commun. A visiter sans tarder ! Eligible assurance revente ! Mickaël AUVRAY (EI) Agent Commercial - Numéro RSAC : 848963377 - BREST. Copropriété de 4 lots Charges annuelles : euros. 159755 euros (150005 euros Hors Honoraires) - Honoraires : 6.5 % TTC à la charge de l'acquéreur inclus.</description>
    </bien>
    <bien>
        <ID>9</ID>
        <img>http://www.location-en-france.com/images/location-appartement-particulier_5.jpg</img>
        <img1></img1>
        <img2></img2>
        <type>Appartement</type>
        <etat_actuel>à vendre</etat_actuel>
        <prix>222000</prix>
        <nombre_piece>2 pièces</nombre_piece>
        <localisation>Quizac</localisation>
        <surface>Surface 45 m²</surface>
        <description>BREST, CENTRE, ST MARTIN. Au pied des commerces et du tramway, situé au 1er étage d'une petite copropriété de caractère, cet appartement de 88m2 en très bon état est composé de 2 grandes chambres, une cuisine aménagée/équipée ouverte sur un salon/séjour et une belle salle d'eau. Beau plancher massif, chauffage électrique. L'appartement a été isolé. L'appartement est actuellement loué 820 euros + 30 euros de charges. Bail de 3 ans au 3 octobre 2023. Copropriété de 4 lots Charges annuelles : 900 euros. 222000 euros (210000 euros Hors Honoraires) - Honoraires : 5.71 % TTC à la charge de l'acquéreur inclus.</description>
    </bien>
    <bien>
        <ID>10</ID>
        <img>https://static.pap.fr/photos/D69/D69A0359.jpg</img>
        <img1></img1>
        <img2></img2>
        <type>Appartement</type>
        <etat_actuel>à vendre</etat_actuel>
        <prix>784000</prix>
        <nombre_piece>5 pièces</nombre_piece>
        <localisation>Gouesnou</localisation>
        <surface>Surface 95 m²</surface>
        <description> Au pied des commerces et du tramway, situé au 1er étage d'une petite copropriété de caractère, cet appartement de 88m2 en très bon état est composé de 2 grandes chambres, une cuisine aménagée/équipée ouverte sur un salon/séjour et une belle salle d'eau. Beau plancher massif, chauffage électrique. L'appartement a été isolé. L'appartement est actuellement loué 820 euros + 30 euros de charges. Bail de 3 ans au 3 octobre 2023. Copropriété de 4 lots Charges annuelles : 900 euros. 222000 euros (210000 euros Hors Honoraires) - Honoraires : 5.71 % TTC à la charge de l'acquéreur inclus.</description>
    </bien>
    <bien>
        <ID>11</ID>
        <img>https://static.pap.fr/photos/C30/C30A0196.jpg</img>
        <img1></img1>
        <img2></img2>
        <type>Appartement</type>
        <etat_actuel>à vendre</etat_actuel>
        <prix>159755</prix>
        <nombre_piece>1 pièce</nombre_piece>
        <localisation>Brest</localisation>
        <surface>30,10 m²</surface>
        <description>Brest Appartement T3 ,nous vous proposons dans une petite copropriété, proche des Capucins et du Centre-Ville, un appartement T3 composé d'une entrée, une cuisine aménagée équipée ouverte sur séjour exposé sud, 2 chambres avec placard et 1 salle d'eau avec douche à l'italienne. Jardin commun. A visiter sans tarder ! Eligible assurance revente ! Mickaël AUVRAY (EI) Agent Commercial - Numéro RSAC : 848963377 - BREST. Copropriété de 4 lots Charges annuelles : euros. 159755 euros (150005 euros Hors Honoraires) - Honoraires : 6.5 % TTC à la charge de l'acquéreur inclus.</description>
    </bien>
    <bien>
        <ID>12</ID>
        <img>https://avenirimmo.staticlbi.com/original/images/biens/28/91700102f98fc5770f7fa227b38b450a/photo_74553a262d1cfd11c6503e91fd42b69c.jpg</img>
        <img1></img1>
        <img2></img2>
        <type>maison</type>
        <etat_actuel>à vendre</etat_actuel>
        <prix>397100</prix>
        <nombre_piece>5 pièces</nombre_piece>
        <localisation>Saint Renan</localisation>
        <surface>101 m2</surface> 
        <description>Saint Renan : Belle Maison contemporaine en impasse Venez découvrir cette maison récente se composant : Au rez de chaussée : un entrée, une très grande pièce de vie avec une belle cuisine ouverte aménagée/équipée, une terrasse bien exposée, une suite parentale avec dressing et douche, un cellier. A l'étage : un dégagement desservant trois chambres avec placards, une salle de bain avec baignoire et grande douche à l'italienne. Garage avec porte automatique, Géothermie, RT 2012, belles prestations et aucun travaux à prévoir. Une visite s'impose !! Coup de coeur assuré ! Frédéric LELIEVRE (EI) Agent Commercial - Numéro RSAC : 849 692 884 - BREST. 397100 euros (380000 euros Hors Honoraires) - Honoraires : 4.5 % TTC à la charge de l'acquéreur inclus.</description> 
    </bien>
    <bien>
        <ID>13</ID>
        <img>https://laforetbusiness.laforet-intranet.com/office9/laforet_maiche/catalog/images/pr_p/1/9/5/8/4/3/7/1/19584371a.jpg</img>
        <img1></img1>
        <img2></img2>
        <type>Appartement</type>
        <etat_actuel>à vendre</etat_actuel>
        <prix>68000</prix>
        <nombre_piece>1 pièce</nombre_piece>
        <localisation>SAINT-MICHEL</localisation>
        <surface>30 m2</surface>
        <description>QUARTIER SAINT-MICHEL Découvrez cet appartement 1 pièce de 16 m2. Il comporte une kitchenette, une salle de bains et des toilettes. Cet appartement est équipé d'un chauffage individuel. Cet appartement est situé au 2e étage d'un immeuble de quatre étages. L'intérieur de l'appartement est en bon état. La sécurité du bâtiment est assurée par un digicode et un interphone. Locataire en place Envie d'en savoir plus sur le rendement locatif de cet appartement en vente ? Prenez contact avec l'un de nos conseillers immobilier. Copropriété de 20 lots Charges annuelles : 663.96 euros. 68000 euros (62000 euros Hors Honoraires) - Honoraires : 9.68 % TTC à la charge de l'acquéreur inclus.</description>
    </bien>
    <bien>
        <ID>14</ID>
        <img>https://www.planete-deco.fr/wp-content/uploads/2019/11/HA1.jpg</img>
        <img1></img1>
        <img2></img2>
        <type>Appartement</type>
        <etat_actuel>à vendre</etat_actuel>
        <prix>121000</prix>
        <nombre_piece>5 pièces</nombre_piece>
        <localisation>Brest</localisation>
        <surface>95,42 m2</surface>
        <description>Brest Appartement T3 Votre agence Orpi Brest Saint-Louis vous propose dans une petite copropriété, proche des Capucins et du Centre-Ville, un appartement T3 composé d'une entrée, une cuisine aménagée équipée ouverte sur séjour exposé sud, 2 chambres avec placard et 1 salle d'eau avec douche à l'italienne. Jardin commun. A visiter sans tarder ! Eligible assurance revente ! Mickaël AUVRAY (EI) Agent Commercial - Numéro RSAC : 848963377 - BREST. Copropriété de 4 lots Charges annuelles : euros. 159755 euros (150005 euros Hors Honoraires) - Honoraires : 6.5 % TTC à la charge de l'acquéreur inclus.</description>
    </bien>
    <bien>
        <ID>15</ID>
        <img>https://www.aravisholidays-immobilier.com/images/biens/2/9214758f856194dcc4f7d9850e707ea4/original/photo_c44491cfcc5cc6b9eec884f6d39c8446.jpg</img>
        <img1></img1>
        <img2></img2>
        <type>Maison</type>
        <etat_actuel>à vendre</etat_actuel>
        <prix>458900</prix>
        <nombre_piece>4 chambres</nombre_piece>
        <localisation>Lambézellec</localisation>
        <surface>132 m²</surface>
        <description>Belle Maison contemporaine en impasse Venez découvrir cette maison récente se composant : Au rez de chaussée : un entrée, une très grande pièce de vie avec une belle cuisine ouverte aménagée/équipée, une terrasse bien exposée, une suite parentale avec dressing et douche, un cellier. A l'étage : un dégagement desservant trois chambres avec placards, une salle de bain avec baignoire et grande douche à l'italienne. Garage avec porte automatique, Géothermie, RT 2012, belles prestations et aucun travaux à prévoir. Une visite s'impose !! Coup de coeur assuré ! Frédéric LELIEVRE (EI) Agent Commercial - Numéro RSAC : 849 692 884 - BREST. 397100 euros (380000 euros Hors Honoraires) - Honoraires : 4.5 % TTC à la charge de l'acquéreur inclus.</description> 
    </bien>
    <bien>
        <ID>16</ID>
        <img>https://static.orpi.com/images/ac3-media/estate-result-item/office6/orpi_77060/catalog/images/pr_p/4/3/7/7/2/4/6/4377246a--201701171649.jpg</img>
        <img1></img1>
        <img2></img2>
        <type>Appartement</type>
        <etat_actuel>à vendre</etat_actuel>
        <prix>268000</prix>
        <nombre_piece>2 chambres</nombre_piece>
        <localisation>Gouesnou</localisation>
        <surface>Surface 67 m²</surface>
        <description>Découvrez cet appartement 1 pièce de 16 m2. Il comporte une kitchenette, une salle de bains et des toilettes. Cet appartement est équipé d'un chauffage individuel. Cet appartement est situé au 2e étage d'un immeuble de quatre étages. L'intérieur de l'appartement est en bon état. La sécurité du bâtiment est assurée par un digicode et un interphone. Locataire en place Envie d'en savoir plus sur le rendement locatif de cet appartement en vente ? Prenez contact avec l'un de nos conseillers immobilier. Copropriété de 20 lots Charges annuelles : 663.96 euros. 68000 euros (62000 euros Hors Honoraires) - Honoraires : 9.68 % TTC à la charge de l'acquéreur inclus.</description>
    </bien>
    <bien>
        <ID>17</ID>
        <img>https://www.les-cles-de-limmo.fr/storage/temp/public/ce9/8d4/ebb/thumb__750_600_0_0_crop__750.jpg</img>
        <img1></img1>
        <img2></img2>
        <type>Maison</type>
        <etat_actuel>à vendre</etat_actuel>
        <prix>136000</prix>
        <nombre_piece>6 pièces</nombre_piece>
        <localisation>Conquet</localisation>
        <surface>Surface 96 m²</surface>
        <description>A 1 minute à pied de la mer ! nous vous propose cette charmante maison comprenant au RDC : une entrée, deux pièces à vivre, une cuisine aménagée et équipée, une chambre . A l'étage : trois chambres dont deux en enfilade et une salle d'eau. Le grand plus: un Terrain de 1321 m2 divisible et constructible. En complément : Un T2 de 36 m2 équipé d'une cuisine et d'une salle d'eau , idéal pour une location de vacances Cette maison est un véritable havre de paix pour ceux qui recherchent un espace de vie confortable, entouré par la mer et la nature, tout en restant proche des commodités de la vie quotidienne. Ne manquez pas cette opportunité unique ! 562000 euros (540000 euros Hors Honoraires) - Honoraires : 4.07 % TTC à la charge de l'acquéreur inclus. </description>
    </bien>
     <bien>
        <ID>18</ID>
        <img>https://www.recherche-logement.fr/wp-content/uploads/2019/07/15645234029047-1000-1080x675.jpg</img>
        <img1></img1>
        <img2></img2>
        <type>maison</type>
        <etat_actuel>à vendre</etat_actuel>
        <prix>18500</prix>
        <nombre_piece>5 pièces</nombre_piece>
        <localisation>Gouesnou</localisation>
        <surface>101 m2</surface> 
        <description>A 1 minute à pied de la mer ! nous vous propose cette charmante maison comprenant au RDC : une entrée, deux pièces à vivre, une cuisine aménagée et équipée, une chambre . A l'étage : trois chambres dont deux en enfilade et une salle d'eau. Le grand plus: un Terrain de 1321 m2 divisible et constructible. En complément : Un T2 de 36 m2 équipé d'une cuisine et d'une salle d'eau , idéal pour une location de vacances Cette maison est un véritable havre de paix pour ceux qui recherchent un espace de vie confortable, entouré par la mer et la nature, tout en restant proche des commodités de la vie quotidienne. Ne manquez pas cette opportunité unique ! 562000 euros (540000 euros Hors Honoraires) - Honoraires : 4.07 % TTC à la charge de l'acquéreur inclus. </description>
    </bien>
    <bien>
        <ID>19</ID>
        <img>https://www.book-a-flat.com/magazine/wp-content/uploads/2015/10/terrasse-vue-tour-eiffel-1024x695.jpg</img>
        <img1></img1>
        <img2></img2>
        <type>Appartement</type>
        <etat_actuel>à vendre</etat_actuel>
        <prix>185000</prix>
        <nombre_piece>1 pièce</nombre_piece>
        <localisation>Brest</localisation>
        <surface>30 m2</surface>
        <description>Brest Appartement T3 Votre agence Orpi Brest Saint-Louis vous propose dans une petite copropriété, proche des Capucins et du Centre-Ville, un appartement T3 composé d'une entrée, une cuisine aménagée équipée ouverte sur séjour exposé sud, 2 chambres avec placard et 1 salle d'eau avec douche à l'italienne. Jardin commun. A visiter sans tarder ! Eligible assurance revente ! Mickaël AUVRAY (EI) Agent Commercial - Numéro RSAC : 848963377 - BREST. Copropriété de 4 lots Charges annuelles : euros. 159755 euros (150005 euros Hors Honoraires) - Honoraires : 6.5 % TTC à la charge de l'acquéreur inclus.</description>
    </bien>
    <bien>
        <ID>20</ID>
        <img>https://www.gerofinance.ch/upload4mail/gerofinance/zIpLB_alouer_appartements_maisons.jpg</img>
        <img1></img1>
        <img2></img2>
        <type>Appartement</type>
        <etat_actuel>à vendre</etat_actuel>
        <prix>121000</prix>
        <nombre_piece>5 pièces</nombre_piece>
        <localisation>Gouesnou</localisation>
        <surface>95,42 m2</surface>
        <description>A 1 minute à pied de la mer ! nous vous propose cette charmante maison comprenant au RDC : une entrée, deux pièces à vivre, une cuisine aménagée et équipée, une chambre . A l'étage : trois chambres dont deux en enfilade et une salle d'eau. Le grand plus: un Terrain de 1321 m2 divisible et constructible. En complément : Un T2 de 36 m2 équipé d'une cuisine et d'une salle d'eau , idéal pour une location de vacances Cette maison est un véritable havre de paix pour ceux qui recherchent un espace de vie confortable, entouré par la mer et la nature, tout en restant proche des commodités de la vie quotidienne. Ne manquez pas cette opportunité unique ! 562000 euros (540000 euros Hors Honoraires) - Honoraires : 4.07 % TTC à la charge de l'acquéreur inclus. </description>
    </bien>
    <bien>
        <ID>21</ID>
        <img>https://blival.staticlbi.com/750x500/images/biens/1/62ac2da26f05d92ca7e9c4897bb55601/photo_c5ea8c929ed4393a4088028d3c956484.jpg</img>
        <img1></img1>
        <img2></img2>
        <type>Maison</type>
        <etat_actuel>à vendre</etat_actuel>
        <prix>178900</prix>
        <nombre_piece>4 chambres</nombre_piece>
        <localisation>Guilers</localisation>
        <surface>132 m²</surface>
        <description>A 1 minute à pied de la mer ! nous vous propose cette charmante maison comprenant au RDC : une entrée, deux pièces à vivre, une cuisine aménagée et équipée, une chambre . A l'étage : trois chambres dont deux en enfilade et une salle d'eau. Le grand plus: un Terrain de 1321 m2 divisible et constructible. En complément : Un T2 de 36 m2 équipé d'une cuisine et d'une salle d'eau , idéal pour une location de vacances Cette maison est un véritable havre de paix pour ceux qui recherchent un espace de vie confortable, entouré par la mer et la nature, tout en restant proche des commodités de la vie quotidienne. Ne manquez pas cette opportunité unique ! 562000 euros (540000 euros Hors Honoraires) - Honoraires : 4.07 % TTC à la charge de l'acquéreur inclus. </description>
    </bien>
    <bien>
        <ID>22</ID>
        <img>http://huitimmo.staticlbi.com/original/images/biens/1/3e03f4db1cae7f028e5ec668e286995f/photo_c303c5392f585f7daf95c8b4295bff4e.jpg</img>
        <img1></img1>
        <img2></img2>
        <type>Appartement</type>
        <etat_actuel>à vendre</etat_actuel>
        <prix>178000</prix>
        <nombre_piece>2 chambres</nombre_piece>
        <localisation>Guilers</localisation>
        <surface>Surface 67 m²</surface>
        <description>A 1 minute à pied de la mer ! nous vous propose cette charmante maison comprenant au RDC : une entrée, deux pièces à vivre, une cuisine aménagée et équipée, une chambre . A l'étage : trois chambres dont deux en enfilade et une salle d'eau. Le grand plus: un Terrain de 1321 m2 divisible et constructible. En complément : Un T2 de 36 m2 équipé d'une cuisine et d'une salle d'eau , idéal pour une location de vacances Cette maison est un véritable havre de paix pour ceux qui recherchent un espace de vie confortable, entouré par la mer et la nature, tout en restant proche des commodités de la vie quotidienne. Ne manquez pas cette opportunité unique ! 562000 euros (540000 euros Hors Honoraires) - Honoraires : 4.07 % TTC à la charge de l'acquéreur inclus. </description>
    </bien>
    <bien>
        <ID>23</ID>
        <img>http://nouvelledemeure.staticlbi.com/original/images/biens/1/dd7977c586980a0c11bde1fce50e3669/d7d35d14c74c2047dc9434f1dc096dbb.jpg</img>
        <img1></img1>
        <img2></img2>
        <type>Appartement</type>
        <etat_actuel>à vendre</etat_actuel>
        <prix>124000</prix>
        <nombre_piece>3 pièces</nombre_piece>
        <localisation>Guilers</localisation>
        <surface>Surface 52,69 m²</surface>
        <description>A 1 minute à pied de la mer ! nous vous propose cette charmante maison comprenant au RDC : une entrée, deux pièces à vivre, une cuisine aménagée et équipée, une chambre . A l'étage : trois chambres dont deux en enfilade et une salle d'eau. Le grand plus: un Terrain de 1321 m2 divisible et constructible. En complément : Un T2 de 36 m2 équipé d'une cuisine et d'une salle d'eau , idéal pour une location de vacances Cette maison est un véritable havre de paix pour ceux qui recherchent un espace de vie confortable, entouré par la mer et la nature, tout en restant proche des commodités de la vie quotidienne. Ne manquez pas cette opportunité unique ! 562000 euros (540000 euros Hors Honoraires) - Honoraires : 4.07 % TTC à la charge de l'acquéreur inclus. </description>
    </bien>
     <bien>
        <ID>24</ID>
        <img>http://immo.vrtx.co/PicFull/21263607.jpg</img>
        <img1></img1>
        <img2></img2>
        <type>maison</type>
        <etat_actuel>à vendre</etat_actuel>
        <prix>18500</prix>
        <nombre_piece>5 pièces</nombre_piece>
        <localisation>Guilers</localisation>
        <surface>101 m2</surface>  
        <description>A 1 minute à pied de la mer ! nous vous propose cette charmante maison comprenant au RDC : une entrée, deux pièces à vivre, une cuisine aménagée et équipée, une chambre . A l'étage : trois chambres dont deux en enfilade et une salle d'eau. Le grand plus: un Terrain de 1321 m2 divisible et constructible. En complément : Un T2 de 36 m2 équipé d'une cuisine et d'une salle d'eau , idéal pour une location de vacances Cette maison est un véritable havre de paix pour ceux qui recherchent un espace de vie confortable, entouré par la mer et la nature, tout en restant proche des commodités de la vie quotidienne. Ne manquez pas cette opportunité unique ! 562000 euros (540000 euros Hors Honoraires) - Honoraires : 4.07 % TTC à la charge de l'acquéreur inclus. </description>
    </bien>
    <bien>
        <ID>25</ID>
        <img>https://www.immoba.fr/site/images/normal/Picture25391131jpg_5c41fa37d1dd0.jpg</img>
        <img1></img1>
        <img2></img2>
        <type>Appartement</type>
        <etat_actuel>à vendre</etat_actuel>
        <prix>185000</prix>
        <nombre_piece>1 pièce</nombre_piece>
        <localisation>Guilers</localisation>
        <surface>30 m2</surface>
        <description>A 1 minute à pied de la mer ! nous vous propose cette charmante maison comprenant au RDC : une entrée, deux pièces à vivre, une cuisine aménagée et équipée, une chambre . A l'étage : trois chambres dont deux en enfilade et une salle d'eau. Le grand plus: un Terrain de 1321 m2 divisible et constructible. En complément : Un T2 de 36 m2 équipé d'une cuisine et d'une salle d'eau , idéal pour une location de vacances Cette maison est un véritable havre de paix pour ceux qui recherchent un espace de vie confortable, entouré par la mer et la nature, tout en restant proche des commodités de la vie quotidienne. Ne manquez pas cette opportunité unique ! 562000 euros (540000 euros Hors Honoraires) - Honoraires : 4.07 % TTC à la charge de l'acquéreur inclus. </description>
    </bien>
    <bien>
        <ID>26</ID>
        <img>https://d2ysowi61wn2ij.cloudfront.net/images/103263/cache/800x600_f8a2d553e84f4763b1d4e08a2fcf48e7.jpg</img>
        <img1></img1>
        <img2></img2>
        <type>maison</type>
        <etat_actuel>à vendre</etat_actuel>
        <prix>121000</prix>
        <nombre_piece>5 pièces</nombre_piece>
        <localisation>Guilers</localisation>
        <surface>95,42 m2</surface>
        <description>A 1 minute à pied de la mer ! nous vous propose cette charmante maison comprenant au RDC : une entrée, deux pièces à vivre, une cuisine aménagée et équipée, une chambre . A l'étage : trois chambres dont deux en enfilade et une salle d'eau. Le grand plus: un Terrain de 1321 m2 divisible et constructible. En complément : Un T2 de 36 m2 équipé d'une cuisine et d'une salle d'eau , idéal pour une location de vacances Cette maison est un véritable havre de paix pour ceux qui recherchent un espace de vie confortable, entouré par la mer et la nature, tout en restant proche des commodités de la vie quotidienne. Ne manquez pas cette opportunité unique ! 562000 euros (540000 euros Hors Honoraires) - Honoraires : 4.07 % TTC à la charge de l'acquéreur inclus. </description>
    </bien>
    <bien>
        <ID>27</ID>
        <img>https://static.pap.fr/photos/D60/D60A2135.jpg</img>
        <img1></img1>
        <img2></img2>
        <type>Maison</type>
        <etat_actuel>à vendre</etat_actuel>
        <prix>136000</prix>
        <nombre_piece>6 pièces</nombre_piece>
        <localisation>Guilers</localisation>
        <surface>Surface 96 m²</surface>
        <description>A 1 minute à pied de la mer ! nous vous propose cette charmante maison comprenant au RDC : une entrée, deux pièces à vivre, une cuisine aménagée et équipée, une chambre . A l'étage : trois chambres dont deux en enfilade et une salle d'eau. Le grand plus: un Terrain de 1321 m2 divisible et constructible. En complément : Un T2 de 36 m2 équipé d'une cuisine et d'une salle d'eau , idéal pour une location de vacances Cette maison est un véritable havre de paix pour ceux qui recherchent un espace de vie confortable, entouré par la mer et la nature, tout en restant proche des commodités de la vie quotidienne. Ne manquez pas cette opportunité unique ! 562000 euros (540000 euros Hors Honoraires) - Honoraires : 4.07 % TTC à la charge de l'acquéreur inclus. </description>
    </bien>
    <bien>
        <ID>28</ID>
        <img>https://agencity.staticlbi.com/original/images/biens/1/fefd74f02180f2620518c7a94a3f5074/70f81ee44b526925a2ab7b56bc9513b1.jpg</img>
        <img1></img1>
        <img2></img2>
        <type>Appartement</type>
        <etat_actuel>à vendre</etat_actuel>
        <prix>178900</prix>
        <nombre_piece>1 pièce</nombre_piece>
        <localisation>Guilers</localisation>
        <surface>Surface 17 m²</surface>
        <description>A 1 minute à pied de la mer ! nous vous propose cette charmante maison comprenant au RDC : une entrée, deux pièces à vivre, une cuisine aménagée et équipée, une chambre . A l'étage : trois chambres dont deux en enfilade et une salle d'eau. Le grand plus: un Terrain de 1321 m2 divisible et constructible. En complément : Un T2 de 36 m2 équipé d'une cuisine et d'une salle d'eau , idéal pour une location de vacances Cette maison est un véritable havre de paix pour ceux qui recherchent un espace de vie confortable, entouré par la mer et la nature, tout en restant proche des commodités de la vie quotidienne. Ne manquez pas cette opportunité unique ! 562000 euros (540000 euros Hors Honoraires) - Honoraires : 4.07 % TTC à la charge de l'acquéreur inclus. </description>
    </bien>
    <bien>
        <ID>29</ID>
        <img>https://generaleimmo.com/sites/default/files/apav3_0.jpg</img>
        <img1></img1>
        <img2></img2>
        <type>Appartement</type>
        <etat_actuel>à vendre</etat_actuel>
        <prix>191000</prix>
        <nombre_piece>2 pièces</nombre_piece>
        <localisation>Guilers</localisation>
        <surface>Surface 45 m²</surface>
        <description>A 1 minute à pied de la mer ! nous vous propose cette charmante maison comprenant au RDC : une entrée, deux pièces à vivre, une cuisine aménagée et équipée, une chambre . A l'étage : trois chambres dont deux en enfilade et une salle d'eau. Le grand plus: un Terrain de 1321 m2 divisible et constructible. En complément : Un T2 de 36 m2 équipé d'une cuisine et d'une salle d'eau , idéal pour une location de vacances Cette maison est un véritable havre de paix pour ceux qui recherchent un espace de vie confortable, entouré par la mer et la nature, tout en restant proche des commodités de la vie quotidienne. Ne manquez pas cette opportunité unique ! 562000 euros (540000 euros Hors Honoraires) - Honoraires : 4.07 % TTC à la charge de l'acquéreur inclus. </description>
    </bien>
    <bien>
        <ID>30</ID>
        <img>http://www.john-taylor.fr/vente-appartement-cannes-ori100-V5269CA-66250448.jpg</img>
        <img1></img1>
        <img2></img2>
        <type>Appartement</type>
        <etat_actuel>à vendre</etat_actuel>
        <prix>784000</prix>
        <nombre_piece>5 pièces</nombre_piece>
        <localisation>Guilers</localisation>
        <surface>Surface 95 m²</surface>
        <description>A 1 minute à pied de la mer ! nous vous propose cette charmante maison comprenant au RDC : une entrée, deux pièces à vivre, une cuisine aménagée et équipée, une chambre . A l'étage : trois chambres dont deux en enfilade et une salle d'eau. Le grand plus: un Terrain de 1321 m2 divisible et constructible. En complément : Un T2 de 36 m2 équipé d'une cuisine et d'une salle d'eau , idéal pour une location de vacances Cette maison est un véritable havre de paix pour ceux qui recherchent un espace de vie confortable, entouré par la mer et la nature, tout en restant proche des commodités de la vie quotidienne. Ne manquez pas cette opportunité unique ! 562000 euros (540000 euros Hors Honoraires) - Honoraires : 4.07 % TTC à la charge de l'acquéreur inclus. </description>
    </bien>
    <bien>
        <ID>31</ID>
        <img>https://www.rvights.net/xgtdVIvvmvw/appartement-a-vendre-7.jpg</img>
        <img1></img1>
        <img2></img2>
        <type>Appartement</type>
        <etat_actuel>à vendre</etat_actuel>
        <prix>124000</prix>
        <nombre_piece>3 pièces</nombre_piece>
        <localisation>Guilers</localisation>
        <surface>Surface 52,69 m²</surface>
        <description>A 1 minute à pied de la mer ! nous vous propose cette charmante maison comprenant au RDC : une entrée, deux pièces à vivre, une cuisine aménagée et équipée, une chambre . A l'étage : trois chambres dont deux en enfilade et une salle d'eau. Le grand plus: un Terrain de 1321 m2 divisible et constructible. En complément : Un T2 de 36 m2 équipé d'une cuisine et d'une salle d'eau , idéal pour une location de vacances Cette maison est un véritable havre de paix pour ceux qui recherchent un espace de vie confortable, entouré par la mer et la nature, tout en restant proche des commodités de la vie quotidienne. Ne manquez pas cette opportunité unique ! 562000 euros (540000 euros Hors Honoraires) - Honoraires : 4.07 % TTC à la charge de l'acquéreur inclus. </description>
    </bien>
     <bien>
        <ID>32</ID>
        <img>http://www.jolijolidesign.com/wp-content/uploads/2017/08/media.jpeg</img>
        <img1></img1>
        <img2></img2>
        <type>maison</type>
        <etat_actuel>à vendre</etat_actuel>
        <prix>18500</prix>
        <nombre_piece>5 pièces</nombre_piece>
        <localisation>Guilers</localisation>
        <surface>101 m2</surface> 
        <description>A 1 minute à pied de la mer ! nous vous propose cette charmante maison comprenant au RDC : une entrée, deux pièces à vivre, une cuisine aménagée et équipée, une chambre . A l'étage : trois chambres dont deux en enfilade et une salle d'eau. Le grand plus: un Terrain de 1321 m2 divisible et constructible. En complément : Un T2 de 36 m2 équipé d'une cuisine et d'une salle d'eau , idéal pour une location de vacances Cette maison est un véritable havre de paix pour ceux qui recherchent un espace de vie confortable, entouré par la mer et la nature, tout en restant proche des commodités de la vie quotidienne. Ne manquez pas cette opportunité unique ! 562000 euros (540000 euros Hors Honoraires) - Honoraires : 4.07 % TTC à la charge de l'acquéreur inclus. </description> 
    </bien>
    <bien>
        <ID>33</ID>
        <img>https://cdn.webgenery.net/5DF24BAFB889B444147619/1920X1440/5EDF384144FAD289774214-2.jpg</img>
        <img1></img1>
        <img2></img2>
        <type>Appartement</type>
        <etat_actuel>à vendre</etat_actuel>
        <prix>185000</prix>
        <nombre_piece>1 pièce</nombre_piece>
        <localisation>Guilers</localisation>
        <surface>30 m2</surface>
        <description>A 1 minute à pied de la mer ! nous vous propose cette charmante maison comprenant au RDC : une entrée, deux pièces à vivre, une cuisine aménagée et équipée, une chambre . A l'étage : trois chambres dont deux en enfilade et une salle d'eau. Le grand plus: un Terrain de 1321 m2 divisible et constructible. En complément : Un T2 de 36 m2 équipé d'une cuisine et d'une salle d'eau , idéal pour une location de vacances Cette maison est un véritable havre de paix pour ceux qui recherchent un espace de vie confortable, entouré par la mer et la nature, tout en restant proche des commodités de la vie quotidienne. Ne manquez pas cette opportunité unique ! 562000 euros (540000 euros Hors Honoraires) - Honoraires : 4.07 % TTC à la charge de l'acquéreur inclus. </description>
    </bien>
    <bien>
        <ID>34</ID>
        <img>https://www.doryanne.com/wp-content/uploads/2016/06/appartement-a-vendre-22.jpg</img>
        <img1></img1>
        <img2></img2>
        <type>Appartement</type>
        <etat_actuel>à vendre</etat_actuel>
        <prix>121000</prix>
        <nombre_piece>5 pièces</nombre_piece>
        <localisation>Guilers</localisation>
        <surface>95,42 m2</surface>
        <description>A 1 minute à pied de la mer ! nous vous propose cette charmante maison comprenant au RDC : une entrée, deux pièces à vivre, une cuisine aménagée et équipée, une chambre . A l'étage : trois chambres dont deux en enfilade et une salle d'eau. Le grand plus: un Terrain de 1321 m2 divisible et constructible. En complément : Un T2 de 36 m2 équipé d'une cuisine et d'une salle d'eau , idéal pour une location de vacances Cette maison est un véritable havre de paix pour ceux qui recherchent un espace de vie confortable, entouré par la mer et la nature, tout en restant proche des commodités de la vie quotidienne. Ne manquez pas cette opportunité unique ! 562000 euros (540000 euros Hors Honoraires) - Honoraires : 4.07 % TTC à la charge de l'acquéreur inclus. </description>
    </bien>
     <bien>
        <ID>35</ID>
        <img>https://static.orpi.com/images/ac3-media/estate-v2/office6/orpi_169142/catalog/images/pr_p/6/1/8/4/6/7/5/6184675a--201910081144.jpg</img>
        <img1></img1>
        <img2></img2>
        <type>Appartement</type>
        <etat_actuel>à vendre</etat_actuel>
        <prix>145800</prix>
        <nombre_piece>5 pièces</nombre_piece>
        <localisation>Guilers</localisation>
        <surface>70 m2</surface> 
        <description>A 1 minute à pied de la mer ! nous vous propose cette charmante maison comprenant au RDC : une entrée, deux pièces à vivre, une cuisine aménagée et équipée, une chambre . A l'étage : trois chambres dont deux en enfilade et une salle d'eau. Le grand plus: un Terrain de 1321 m2 divisible et constructible. En complément : Un T2 de 36 m2 équipé d'une cuisine et d'une salle d'eau , idéal pour une location de vacances Cette maison est un véritable havre de paix pour ceux qui recherchent un espace de vie confortable, entouré par la mer et la nature, tout en restant proche des commodités de la vie quotidienne. Ne manquez pas cette opportunité unique ! 562000 euros (540000 euros Hors Honoraires) - Honoraires : 4.07 % TTC à la charge de l'acquéreur inclus. </description> 
    </bien>
    <bien>
        <ID>36</ID>
        <img>https://d2ysowi61wn2ij.cloudfront.net/images/103263/cache/800x600_f8a2d553e84f4763b1d4e08a2fcf48e7.jpg</img>
        <img1></img1>
        <img2></img2>
        <type>maison</type>
        <etat_actuel>à vendre</etat_actuel>
        <prix>198000</prix>
        <nombre_piece>4 pièce</nombre_piece>
        <localisation>Guilers</localisation>
        <surface>60 m2</surface>
        <description>A 1 minute à pied de la mer ! nous vous propose cette charmante maison comprenant au RDC : une entrée, deux pièces à vivre, une cuisine aménagée et équipée, une chambre . A l'étage : trois chambres dont deux en enfilade et une salle d'eau. Le grand plus: un Terrain de 1321 m2 divisible et constructible. En complément : Un T2 de 36 m2 équipé d'une cuisine et d'une salle d'eau , idéal pour une location de vacances Cette maison est un véritable havre de paix pour ceux qui recherchent un espace de vie confortable, entouré par la mer et la nature, tout en restant proche des commodités de la vie quotidienne. Ne manquez pas cette opportunité unique ! 562000 euros (540000 euros Hors Honoraires) - Honoraires : 4.07 % TTC à la charge de l'acquéreur inclus. </description>
    </bien>
    <bien>
        <ID>37</ID>
        <img>http://www.agencespapazian.com/site/images/normal/6238291ajpg_5db07a89c2d6e.jpg</img>
        <img1></img1>
        <img2></img2>
        <type>Appartement</type>
        <etat_actuel>à vendre</etat_actuel>
        <prix>158000</prix>
        <nombre_piece>5 pièces</nombre_piece>
        <localisation>Guilers</localisation>
        <surface>105 m2</surface>
        <description>A 1 minute à pied de la mer ! nous vous propose cette charmante maison comprenant au RDC : une entrée, deux pièces à vivre, une cuisine aménagée et équipée, une chambre . A l'étage : trois chambres dont deux en enfilade et une salle d'eau. Le grand plus: un Terrain de 1321 m2 divisible et constructible. En complément : Un T2 de 36 m2 équipé d'une cuisine et d'une salle d'eau , idéal pour une location de vacances Cette maison est un véritable havre de paix pour ceux qui recherchent un espace de vie confortable, entouré par la mer et la nature, tout en restant proche des commodités de la vie quotidienne. Ne manquez pas cette opportunité unique ! 562000 euros (540000 euros Hors Honoraires) - Honoraires : 4.07 % TTC à la charge de l'acquéreur inclus. </description>
    </bien>
    <bien>
        <ID>38</ID>
        <img>https://d1qfj231ug7wdu.cloudfront.net/pictures/estate/4417/4416034/9604290415f89a6c6015113.21186247_1600.jpg</img>
        <img1></img1>
        <img2></img2>
        <type>Appartement</type>
        <etat_actuel>à vendre</etat_actuel>
        <prix>178000</prix>
        <nombre_piece>1 pièce</nombre_piece>
        <localisation>Guilers</localisation>
        <surface>30,10 m²</surface>
        <description>A 1 minute à pied de la mer ! nous vous propose cette charmante maison comprenant au RDC : une entrée, deux pièces à vivre, une cuisine aménagée et équipée, une chambre . A l'étage : trois chambres dont deux en enfilade et une salle d'eau. Le grand plus: un Terrain de 1321 m2 divisible et constructible. En complément : Un T2 de 36 m2 équipé d'une cuisine et d'une salle d'eau , idéal pour une location de vacances Cette maison est un véritable havre de paix pour ceux qui recherchent un espace de vie confortable, entouré par la mer et la nature, tout en restant proche des commodités de la vie quotidienne. Ne manquez pas cette opportunité unique ! 562000 euros (540000 euros Hors Honoraires) - Honoraires : 4.07 % TTC à la charge de l'acquéreur inclus. </description>
    </bien>
     <bien>
        <ID>39</ID>
        <img>http://www.ion-architecture.com/images/maison-plain-pied-a-vendre_5.jpg</img>
        <img1></img1>
        <img2></img2>
        <type>maison</type>
        <etat_actuel>à vendre</etat_actuel>
        <prix>18500</prix>
        <nombre_piece>5 pièces</nombre_piece>
        <localisation>Guilers</localisation>
        <surface>101 m2</surface>  
        <description>A 1 minute à pied de la mer ! nous vous propose cette charmante maison comprenant au RDC : une entrée, deux pièces à vivre, une cuisine aménagée et équipée, une chambre . A l'étage : trois chambres dont deux en enfilade et une salle d'eau. Le grand plus: un Terrain de 1321 m2 divisible et constructible. En complément : Un T2 de 36 m2 équipé d'une cuisine et d'une salle d'eau , idéal pour une location de vacances Cette maison est un véritable havre de paix pour ceux qui recherchent un espace de vie confortable, entouré par la mer et la nature, tout en restant proche des commodités de la vie quotidienne. Ne manquez pas cette opportunité unique ! 562000 euros (540000 euros Hors Honoraires) - Honoraires : 4.07 % TTC à la charge de l'acquéreur inclus. </description>
    </bien>
    <bien>
        <ID>40</ID>
        <img>https://static.pap.fr/photos/D27/D27A1977.jpg</img>
        <img1></img1>
        <img2></img2>
        <type>Appartement</type>
        <etat_actuel>à vendre</etat_actuel>
        <prix>185000</prix>
        <nombre_piece>1 pièce</nombre_piece>
        <localisation>Guilers</localisation>
        <surface>30 m2</surface>
        <description>A 1 minute à pied de la mer ! nous vous propose cette charmante maison comprenant au RDC : une entrée, deux pièces à vivre, une cuisine aménagée et équipée, une chambre . A l'étage : trois chambres dont deux en enfilade et une salle d'eau. Le grand plus: un Terrain de 1321 m2 divisible et constructible. En complément : Un T2 de 36 m2 équipé d'une cuisine et d'une salle d'eau , idéal pour une location de vacances Cette maison est un véritable havre de paix pour ceux qui recherchent un espace de vie confortable, entouré par la mer et la nature, tout en restant proche des commodités de la vie quotidienne. Ne manquez pas cette opportunité unique ! 562000 euros (540000 euros Hors Honoraires) - Honoraires : 4.07 % TTC à la charge de l'acquéreur inclus. </description>
    </bien>
    <bien>
        <ID>41</ID>
        <img>http://www.patrice-besse.com/uploads/bien/16917/zoom/d1524566864b554ccb4da17dbaec9179.jpg</img>
        <img1></img1>
        <img2></img2>
        <type>Appartement</type>
        <etat_actuel>à vendre</etat_actuel>
        <prix>121000</prix>
        <nombre_piece>5 pièces</nombre_piece>
        <localisation>Guilers</localisation>
        <surface>95,42 m2</surface>
        <description>A 1 minute à pied de la mer ! nous vous propose cette charmante maison comprenant au RDC : une entrée, deux pièces à vivre, une cuisine aménagée et équipée, une chambre . A l'étage : trois chambres dont deux en enfilade et une salle d'eau. Le grand plus: un Terrain de 1321 m2 divisible et constructible. En complément : Un T2 de 36 m2 équipé d'une cuisine et d'une salle d'eau , idéal pour une location de vacances Cette maison est un véritable havre de paix pour ceux qui recherchent un espace de vie confortable, entouré par la mer et la nature, tout en restant proche des commodités de la vie quotidienne. Ne manquez pas cette opportunité unique ! 562000 euros (540000 euros Hors Honoraires) - Honoraires : 4.07 % TTC à la charge de l'acquéreur inclus. </description>
    </bien>
    <bien>
        <ID>42</ID>
        <img>http://www.bellesdemeuresdebretagne.fr/office2/belles-demeures-bretagne/catalog/images/pr_p/4/5/5/4/4/2/1/4554421a.jpg</img>
        <img1></img1>
        <img2></img2>
        <type>Maison</type>
        <etat_actuel>à vendre</etat_actuel>
        <prix>178900</prix>
        <nombre_piece>4 chambres</nombre_piece>
        <localisation>Guilers</localisation>
        <surface>132 m²</surface>
        <description>A 1 minute à pied de la mer ! nous vous propose cette charmante maison comprenant au RDC : une entrée, deux pièces à vivre, une cuisine aménagée et équipée, une chambre . A l'étage : trois chambres dont deux en enfilade et une salle d'eau. Le grand plus: un Terrain de 1321 m2 divisible et constructible. En complément : Un T2 de 36 m2 équipé d'une cuisine et d'une salle d'eau , idéal pour une location de vacances Cette maison est un véritable havre de paix pour ceux qui recherchent un espace de vie confortable, entouré par la mer et la nature, tout en restant proche des commodités de la vie quotidienne. Ne manquez pas cette opportunité unique ! 562000 euros (540000 euros Hors Honoraires) - Honoraires : 4.07 % TTC à la charge de l'acquéreur inclus. </description>
    </bien>
    <bien>
        <ID>43</ID>
        <img>https://www.actual-immo.fr/wp-content/uploads/2018/10/vendre-appartement.jpg</img>
        <img1></img1>
        <img2></img2>
        <type>Appartement</type>
        <etat_actuel>à vendre</etat_actuel>
        <prix>178000</prix>
        <nombre_piece>2 chambres</nombre_piece>
        <localisation>Guilers</localisation>
        <surface>Surface 67 m²</surface>
        <description>A 1 minute à pied de la mer ! nous vous propose cette charmante maison comprenant au RDC : une entrée, deux pièces à vivre, une cuisine aménagée et équipée, une chambre . A l'étage : trois chambres dont deux en enfilade et une salle d'eau. Le grand plus: un Terrain de 1321 m2 divisible et constructible. En complément : Un T2 de 36 m2 équipé d'une cuisine et d'une salle d'eau , idéal pour une location de vacances Cette maison est un véritable havre de paix pour ceux qui recherchent un espace de vie confortable, entouré par la mer et la nature, tout en restant proche des commodités de la vie quotidienne. Ne manquez pas cette opportunité unique ! 562000 euros (540000 euros Hors Honoraires) - Honoraires : 4.07 % TTC à la charge de l'acquéreur inclus. </description>
    </bien>
    <bien>
        <ID>44</ID>
        <img>https://i.pinimg.com/originals/50/c9/e2/50c9e220f21124294869d12a0ae4b508.jpg</img>
        <img1></img1>
        <img2></img2>
        <type>Maison</type>
        <etat_actuel>à vendre</etat_actuel>
        <prix>136000</prix>
        <nombre_piece>6 pièces</nombre_piece>
        <localisation>Guilers</localisation>
        <surface>Surface 96 m²</surface>
        <description>A 1 minute à pied de la mer ! nous vous propose cette charmante maison comprenant au RDC : une entrée, deux pièces à vivre, une cuisine aménagée et équipée, une chambre . A l'étage : trois chambres dont deux en enfilade et une salle d'eau. Le grand plus: un Terrain de 1321 m2 divisible et constructible. En complément : Un T2 de 36 m2 équipé d'une cuisine et d'une salle d'eau , idéal pour une location de vacances Cette maison est un véritable havre de paix pour ceux qui recherchent un espace de vie confortable, entouré par la mer et la nature, tout en restant proche des commodités de la vie quotidienne. Ne manquez pas cette opportunité unique ! 562000 euros (540000 euros Hors Honoraires) - Honoraires : 4.07 % TTC à la charge de l'acquéreur inclus. </description>
    </bien>
    <bien>
        <ID>45</ID>
        <img>https://www.chameria.eu/wp-content/uploads/2018/02/appartement-a-vendre-casablanca.png</img>
        <img1></img1>
        <img2></img2>
        <type>Appartement</type>
        <etat_actuel>à vendre</etat_actuel>
        <prix>178900</prix>
        <nombre_piece>1 pièce</nombre_piece>
        <localisation>Guilers</localisation>
        <surface>Surface 17 m²</surface>
        <description>A 1 minute à pied de la mer ! nous vous propose cette charmante maison comprenant au RDC : une entrée, deux pièces à vivre, une cuisine aménagée et équipée, une chambre . A l'étage : trois chambres dont deux en enfilade et une salle d'eau. Le grand plus: un Terrain de 1321 m2 divisible et constructible. En complément : Un T2 de 36 m2 équipé d'une cuisine et d'une salle d'eau , idéal pour une location de vacances Cette maison est un véritable havre de paix pour ceux qui recherchent un espace de vie confortable, entouré par la mer et la nature, tout en restant proche des commodités de la vie quotidienne. Ne manquez pas cette opportunité unique ! 562000 euros (540000 euros Hors Honoraires) - Honoraires : 4.07 % TTC à la charge de l'acquéreur inclus. </description>
    </bien>
    <bien>
        <ID>46</ID>
        <img>https://cdn.webgenery.net/5D35B2A74C450957412327/1920X1440/5F6CA06A1AF97452678023-020.jpg</img>
        <img1></img1>
        <img2></img2>
        <type>Appartement</type>
        <etat_actuel>à vendre</etat_actuel>
        <prix>191000</prix>
        <nombre_piece>2 pièces</nombre_piece>
        <localisation>Guilers</localisation>
        <surface>Surface 45 m²</surface>
        <description>A 1 minute à pied de la mer ! nous vous propose cette charmante maison comprenant au RDC : une entrée, deux pièces à vivre, une cuisine aménagée et équipée, une chambre . A l'étage : trois chambres dont deux en enfilade et une salle d'eau. Le grand plus: un Terrain de 1321 m2 divisible et constructible. En complément : Un T2 de 36 m2 équipé d'une cuisine et d'une salle d'eau , idéal pour une location de vacances Cette maison est un véritable havre de paix pour ceux qui recherchent un espace de vie confortable, entouré par la mer et la nature, tout en restant proche des commodités de la vie quotidienne. Ne manquez pas cette opportunité unique ! 562000 euros (540000 euros Hors Honoraires) - Honoraires : 4.07 % TTC à la charge de l'acquéreur inclus. </description>
    </bien>
    <bien>
        <ID>47</ID>
        <img>https://www.gwenda.fr/wp-content/uploads/2017/01/imagesvendre-son-appartement-12.jpg</img>
        <img1></img1>
        <img2></img2>
        <type>Appartement</type>
        <etat_actuel>à vendre</etat_actuel>
        <prix>784000</prix>
        <nombre_piece>5 pièces</nombre_piece>
        <localisation>Guilers</localisation>
        <surface>Surface 95 m²</surface>
        <description>A 1 minute à pied de la mer ! nous vous propose cette charmante maison comprenant au RDC : une entrée, deux pièces à vivre, une cuisine aménagée et équipée, une chambre . A l'étage : trois chambres dont deux en enfilade et une salle d'eau. Le grand plus: un Terrain de 1321 m2 divisible et constructible. En complément : Un T2 de 36 m2 équipé d'une cuisine et d'une salle d'eau , idéal pour une location de vacances Cette maison est un véritable havre de paix pour ceux qui recherchent un espace de vie confortable, entouré par la mer et la nature, tout en restant proche des commodités de la vie quotidienne. Ne manquez pas cette opportunité unique ! 562000 euros (540000 euros Hors Honoraires) - Honoraires : 4.07 % TTC à la charge de l'acquéreur inclus. </description>
    </bien>
    <bien>
        <ID>48</ID>
        <img>http://www.agencespapazian.com/site/images/normal/5685057ajpg_5c790a502718f.jpg</img>
        <img1></img1>
        <img2></img2>
        <type>Appartement</type>
        <etat_actuel>à vendre</etat_actuel>
        <prix>178000</prix>
        <nombre_piece>1 pièce</nombre_piece>
        <localisation>Guilers</localisation>
        <surface>30,10 m²</surface>
        <description>A 1 minute à pied de la mer ! nous vous propose cette charmante maison comprenant au RDC : une entrée, deux pièces à vivre, une cuisine aménagée et équipée, une chambre . A l'étage : trois chambres dont deux en enfilade et une salle d'eau. Le grand plus: un Terrain de 1321 m2 divisible et constructible. En complément : Un T2 de 36 m2 équipé d'une cuisine et d'une salle d'eau , idéal pour une location de vacances Cette maison est un véritable havre de paix pour ceux qui recherchent un espace de vie confortable, entouré par la mer et la nature, tout en restant proche des commodités de la vie quotidienne. Ne manquez pas cette opportunité unique ! 562000 euros (540000 euros Hors Honoraires) - Honoraires : 4.07 % TTC à la charge de l'acquéreur inclus. </description>
    </bien>
    <bien>
        <ID>49</ID>
        <img>https://www.vendrevotremaison.net/images/biens/1/fa8bb32df29fe5a4f782eb468ec9ac42/original/photo_b54f1d12e9a05d4ff6fc2497e7defd58.jpg</img>
        <img1></img1>
        <img2></img2>
        <type>maison</type>
        <etat_actuel>à vendre</etat_actuel>
        <prix>18500</prix>
        <nombre_piece>5 pièces</nombre_piece>
        <localisation>Guilers</localisation>
        <surface>101 m2</surface> 
        <description>A 1 minute à pied de la mer ! nous vous propose cette charmante maison comprenant au RDC : une entrée, deux pièces à vivre, une cuisine aménagée et équipée, une chambre . A l'étage : trois chambres dont deux en enfilade et une salle d'eau. Le grand plus: un Terrain de 1321 m2 divisible et constructible. En complément : Un T2 de 36 m2 équipé d'une cuisine et d'une salle d'eau , idéal pour une location de vacances Cette maison est un véritable havre de paix pour ceux qui recherchent un espace de vie confortable, entouré par la mer et la nature, tout en restant proche des commodités de la vie quotidienne. Ne manquez pas cette opportunité unique ! 562000 euros (540000 euros Hors Honoraires) - Honoraires : 4.07 % TTC à la charge de l'acquéreur inclus. </description> 
    </bien>
    <bien>
        <ID>50</ID>
        <img>https://static.pap.fr/photos/D07/D07A0144.jpg</img>
        <img1></img1>
        <img2></img2>
        <type>Appartement</type>
        <etat_actuel>à vendre</etat_actuel>
        <prix>185000</prix>
        <nombre_piece>1 pièce</nombre_piece>
        <localisation>Guilers</localisation>
        <surface>30 m2</surface>
        <description>A 1 minute à pied de la mer ! nous vous propose cette charmante maison comprenant au RDC : une entrée, deux pièces à vivre, une cuisine aménagée et équipée, une chambre . A l'étage : trois chambres dont deux en enfilade et une salle d'eau. Le grand plus: un Terrain de 1321 m2 divisible et constructible. En complément : Un T2 de 36 m2 équipé d'une cuisine et d'une salle d'eau , idéal pour une location de vacances Cette maison est un véritable havre de paix pour ceux qui recherchent un espace de vie confortable, entouré par la mer et la nature, tout en restant proche des commodités de la vie quotidienne. Ne manquez pas cette opportunité unique ! 562000 euros (540000 euros Hors Honoraires) - Honoraires : 4.07 % TTC à la charge de l'acquéreur inclus. </description>
    </bien>
    <bien>
        <ID>51</ID>
        <img>https://mb-partners.staticlbi.com/original/images/biens/1/13c5961dbd145f9c86caa1496c5aef5e/photo_bcfe6632210323ca69326092dac581e6.jpg</img>
        <img1></img1>
        <img2></img2>
        <type>Appartement</type>
        <etat_actuel>à vendre</etat_actuel>
        <prix>121000</prix>
        <nombre_piece>5 pièces</nombre_piece>
        <localisation>Guilers</localisation>
        <surface>95,42 m2</surface>
        <description>A 1 minute à pied de la mer ! nous vous propose cette charmante maison comprenant au RDC : une entrée, deux pièces à vivre, une cuisine aménagée et équipée, une chambre . A l'étage : trois chambres dont deux en enfilade et une salle d'eau. Le grand plus: un Terrain de 1321 m2 divisible et constructible. En complément : Un T2 de 36 m2 équipé d'une cuisine et d'une salle d'eau , idéal pour une location de vacances Cette maison est un véritable havre de paix pour ceux qui recherchent un espace de vie confortable, entouré par la mer et la nature, tout en restant proche des commodités de la vie quotidienne. Ne manquez pas cette opportunité unique ! 562000 euros (540000 euros Hors Honoraires) - Honoraires : 4.07 % TTC à la charge de l'acquéreur inclus. </description>
    </bien>
    <bien>
        <ID>52</ID>
        <img>https://photos.duproprio.com/facade-maison-a-vendre-mont-tremblant-quebec-province-1600-5180120.jpg</img>
        <img1></img1>
        <img2></img2>
        <type>Maison</type>
        <etat_actuel>à vendre</etat_actuel>
        <prix>178900</prix>
        <nombre_piece>4 chambres</nombre_piece>
        <localisation>Guilers</localisation>
        <surface>132 m²</surface>
        <description>A 1 minute à pied de la mer ! nous vous propose cette charmante maison comprenant au RDC : une entrée, deux pièces à vivre, une cuisine aménagée et équipée, une chambre . A l'étage : trois chambres dont deux en enfilade et une salle d'eau. Le grand plus: un Terrain de 1321 m2 divisible et constructible. En complément : Un T2 de 36 m2 équipé d'une cuisine et d'une salle d'eau , idéal pour une location de vacances Cette maison est un véritable havre de paix pour ceux qui recherchent un espace de vie confortable, entouré par la mer et la nature, tout en restant proche des commodités de la vie quotidienne. Ne manquez pas cette opportunité unique ! 562000 euros (540000 euros Hors Honoraires) - Honoraires : 4.07 % TTC à la charge de l'acquéreur inclus. </description>
    </bien>
    <bien>
        <ID>53</ID>
        <img>https://www.logetoi.fr/wp-content/uploads/D%C3%A9coration-appartement.jpg</img>
        <img1></img1>
        <img2></img2>
        <type>Appartement</type>
        <etat_actuel>à vendre</etat_actuel>
        <prix>178000</prix>
        <nombre_piece>2 chambres</nombre_piece>
        <localisation>Guilers</localisation>
        <surface>Surface 67 m²</surface>
        <description>A 1 minute à pied de la mer ! nous vous propose cette charmante maison comprenant au RDC : une entrée, deux pièces à vivre, une cuisine aménagée et équipée, une chambre . A l'étage : trois chambres dont deux en enfilade et une salle d'eau. Le grand plus: un Terrain de 1321 m2 divisible et constructible. En complément : Un T2 de 36 m2 équipé d'une cuisine et d'une salle d'eau , idéal pour une location de vacances Cette maison est un véritable havre de paix pour ceux qui recherchent un espace de vie confortable, entouré par la mer et la nature, tout en restant proche des commodités de la vie quotidienne. Ne manquez pas cette opportunité unique ! 562000 euros (540000 euros Hors Honoraires) - Honoraires : 4.07 % TTC à la charge de l'acquéreur inclus. </description>
    </bien>
    <bien>
        <ID>54</ID>
        <img>https://dilypse-smart-product.s3.eu-west-3.amazonaws.com/ac4a7951-ab5f-40b6-9d38-6b852e7f310a/7b6633ccbfa9ad8ad5d8584a4083c543.jpg</img>
        <img1></img1>
        <img2></img2>
        <type>Maison</type>
        <etat_actuel>à vendre</etat_actuel>
        <prix>136000</prix>
        <nombre_piece>6 pièces</nombre_piece>
        <localisation>Guilers</localisation>
        <surface>Surface 96 m²</surface>
        <description>A 1 minute à pied de la mer ! nous vous propose cette charmante maison comprenant au RDC : une entrée, deux pièces à vivre, une cuisine aménagée et équipée, une chambre . A l'étage : trois chambres dont deux en enfilade et une salle d'eau. Le grand plus: un Terrain de 1321 m2 divisible et constructible. En complément : Un T2 de 36 m2 équipé d'une cuisine et d'une salle d'eau , idéal pour une location de vacances Cette maison est un véritable havre de paix pour ceux qui recherchent un espace de vie confortable, entouré par la mer et la nature, tout en restant proche des commodités de la vie quotidienne. Ne manquez pas cette opportunité unique ! 562000 euros (540000 euros Hors Honoraires) - Honoraires : 4.07 % TTC à la charge de l'acquéreur inclus. </description>
    </bien>
     <bien>
        <ID>55</ID>
        <img>https://soumissionscourtiers.ca/wp-content/uploads/2020/09/thetford-mines-maisons-a-vendre.jpg</img>
        <img1></img1>
        <img2></img2>
        <type>maison</type>
        <etat_actuel>à vendre</etat_actuel>
        <prix>18500</prix>
        <nombre_piece>5 pièces</nombre_piece>
        <localisation>Guilers</localisation>
        <surface>101 m2</surface>
        <description>A 1 minute à pied de la mer ! nous vous propose cette charmante maison comprenant au RDC : une entrée, deux pièces à vivre, une cuisine aménagée et équipée, une chambre . A l'étage : trois chambres dont deux en enfilade et une salle d'eau. Le grand plus: un Terrain de 1321 m2 divisible et constructible. En complément : Un T2 de 36 m2 équipé d'une cuisine et d'une salle d'eau , idéal pour une location de vacances Cette maison est un véritable havre de paix pour ceux qui recherchent un espace de vie confortable, entouré par la mer et la nature, tout en restant proche des commodités de la vie quotidienne. Ne manquez pas cette opportunité unique ! 562000 euros (540000 euros Hors Honoraires) - Honoraires : 4.07 % TTC à la charge de l'acquéreur inclus. </description>  
    </bien>
    <bien>
        <ID>56</ID>
        <img>https://photos.foncia.net/raw/640/480/photos/1113/696/1113696/grand/1113696_3e96de8238cfa261261d80504f4f843b589db57b2af73.jpg</img>
        <img1></img1>
        <img2></img2>
        <type>Appartement</type>
        <etat_actuel>à vendre</etat_actuel>
        <prix>185000</prix>
        <nombre_piece>1 pièce</nombre_piece>
        <localisation>Guilers</localisation>
        <surface>30 m2</surface>
        <description>A 1 minute à pied de la mer ! nous vous propose cette charmante maison comprenant au RDC : une entrée, deux pièces à vivre, une cuisine aménagée et équipée, une chambre . A l'étage : trois chambres dont deux en enfilade et une salle d'eau. Le grand plus: un Terrain de 1321 m2 divisible et constructible. En complément : Un T2 de 36 m2 équipé d'une cuisine et d'une salle d'eau , idéal pour une location de vacances Cette maison est un véritable havre de paix pour ceux qui recherchent un espace de vie confortable, entouré par la mer et la nature, tout en restant proche des commodités de la vie quotidienne. Ne manquez pas cette opportunité unique ! 562000 euros (540000 euros Hors Honoraires) - Honoraires : 4.07 % TTC à la charge de l'acquéreur inclus. </description>
    </bien>
    <bien>
        <ID>57</ID>
        <img></img>
        <img1></img1>
        <img2></img2>
        <type>Maison</type>
        <etat_actuel>à vendre</etat_actuel>
        <prix>178900</prix>
        <nombre_piece>4 chambres</nombre_piece>
        <localisation>Guilers</localisation>
        <surface>132 m²</surface>
        <description>A 1 minute à pied de la mer ! nous vous propose cette charmante maison comprenant au RDC : une entrée, deux pièces à vivre, une cuisine aménagée et équipée, une chambre . A l'étage : trois chambres dont deux en enfilade et une salle d'eau. Le grand plus: un Terrain de 1321 m2 divisible et constructible. En complément : Un T2 de 36 m2 équipé d'une cuisine et d'une salle d'eau , idéal pour une location de vacances Cette maison est un véritable havre de paix pour ceux qui recherchent un espace de vie confortable, entouré par la mer et la nature, tout en restant proche des commodités de la vie quotidienne. Ne manquez pas cette opportunité unique ! 562000 euros (540000 euros Hors Honoraires) - Honoraires : 4.07 % TTC à la charge de l'acquéreur inclus. </description>
    </bien>
    <bien>
        <ID>58</ID>
        <img>https://photos.foncia.net/raw/640/480/photos/1113/696/1113696/grand/1113696_3e96de8238cfa261261d80504f4f843b589db57b2af73.jpg</img>
        <img1></img1>
        <img2></img2>
        <type>Appartement</type>
        <etat_actuel>à vendre</etat_actuel>
        <prix>185000</prix>
        <nombre_piece>1 pièce</nombre_piece>
        <localisation>Brest</localisation>
        <surface>30 m2</surface>
        <description>A 1 minute à pied de la mer ! nous vous propose cette charmante maison comprenant au RDC : une entrée, deux pièces à vivre, une cuisine aménagée et équipée, une chambre . A l'étage : trois chambres dont deux en enfilade et une salle d'eau. Le grand plus: un Terrain de 1321 m2 divisible et constructible. En complément : Un T2 de 36 m2 équipé d'une cuisine et d'une salle d'eau , idéal pour une location de vacances Cette maison est un véritable havre de paix pour ceux qui recherchent un espace de vie confortable, entouré par la mer et la nature, tout en restant proche des commodités de la vie quotidienne. Ne manquez pas cette opportunité unique ! 562000 euros (540000 euros Hors Honoraires) - Honoraires : 4.07 % TTC à la charge de l'acquéreur inclus. </description>
    </bien>
    <bien>
        <ID>59</ID>
        <img>https://photos.foncia.net/raw/640/480/photos/1113/696/1113696/grand/1113696_3e96de8238cfa261261d80504f4f843b589db57b2af73.jpg</img>
        <img1></img1>
        <img2></img2>
        <type>Appartement</type>
        <etat_actuel>à vendre</etat_actuel>
        <prix>185000</prix>
        <nombre_piece>1 pièce</nombre_piece>
        <localisation>Guilers</localisation>
        <surface>30 m2</surface>
        <description>A 1 minute à pied de la mer ! nous vous propose cette charmante maison comprenant au RDC : une entrée, deux pièces à vivre, une cuisine aménagée et équipée, une chambre . A l'étage : trois chambres dont deux en enfilade et une salle d'eau. Le grand plus: un Terrain de 1321 m2 divisible et constructible. En complément : Un T2 de 36 m2 équipé d'une cuisine et d'une salle d'eau , idéal pour une location de vacances Cette maison est un véritable havre de paix pour ceux qui recherchent un espace de vie confortable, entouré par la mer et la nature, tout en restant proche des commodités de la vie quotidienne. Ne manquez pas cette opportunité unique ! 562000 euros (540000 euros Hors Honoraires) - Honoraires : 4.07 % TTC à la charge de l'acquéreur inclus. </description>
    </bien>
</bdd>